date,seqNo,open,close,high,low,volume,amount
20170524,1,107000,107300,107300,106300,553875,5913584.0000
20170524,2,107300,106900,107700,106700,594025,6368270.5000
20170524,3,106900,107100,107500,106600,577700,6179385.0000
20170524,4,107100,108300,108800,106700,1236600,13304074.0000
20170524,5,108300,107900,108700,107900,748700,8109222.5400
20170524,6,107900,108900,109500,107900,1336500,14541195.2800
20170524,7,108900,108600,109000,108400,625900,6800858.9100
20170524,8,108500,108200,108600,108100,316700,3427627.0000
20170524,9,108200,108700,108800,108200,337800,3664599.0000
20170524,10,108700,108800,108800,108500,295400,3210016.0000
20170524,11,108700,108500,108800,108500,212000,2303359.0000
20170524,12,108600,109300,109300,108300,890945,9704700.8600
20170524,13,109300,108900,109300,108900,358964,3916282.5200
20170524,14,109000,108800,109000,108800,249100,2712779.0000
20170524,15,108900,108700,108900,108400,196800,2138067.9200
20170524,16,108600,108500,108700,108400,107400,1165872.0000
20170524,17,108400,108500,108600,108200,190700,2066638.0000
20170524,18,108500,108200,108600,108200,135200,1464741.0000
20170524,19,108200,108400,108400,108200,214200,2319108.0000
20170524,20,108400,108700,108800,108400,217600,2362777.0000
20170524,21,108800,108500,108800,108400,145900,1583235.0000
20170524,22,108300,108600,108600,108300,88800,963428.0000
20170524,23,108500,108600,108700,108500,93000,1010314.0000
20170524,24,108600,108500,108600,108400,77600,841978.0000
20170524,25,108500,108300,108600,108300,105100,1139361.7000
20170524,26,108300,108200,108300,108100,66300,717171.0000
20170524,27,108200,108100,108300,108100,198300,2145475.0000
20170524,28,108100,107800,108100,107700,349400,3770993.0000
20170524,29,107800,108000,108000,107800,175200,1890477.0000
20170524,30,108000,107700,108000,107400,247000,2658881.0000
20170524,31,107700,107800,107900,107700,98700,1064140.0000
20170524,32,107800,107500,107800,107400,145700,1566810.0000
20170524,33,107500,107900,107900,107500,164700,1774289.0000
20170524,34,107900,107600,108000,107400,137321,1478945.7500
20170524,35,107500,107700,107700,107400,218200,2346235.0000
20170524,36,107600,107800,107800,107500,101000,1087356.0000
20170524,37,107700,108000,108100,107700,178600,1928734.0000
20170524,38,108000,107700,108000,107600,234600,2527689.0000
20170524,39,107800,107700,107800,107600,164600,1773008.0000
20170524,40,107700,108100,108200,107600,210500,2271369.0000
20170524,41,108100,108100,108400,108100,150500,1629276.0000
20170524,42,108100,108500,108600,108100,264900,2869826.0000
20170524,43,108500,108400,108700,108400,417400,4531675.0000
20170524,44,108400,108300,108400,108200,332000,3595412.9500
20170524,45,108400,108100,108500,108100,209100,2265183.0000
20170524,46,108100,108400,108400,108100,279774,3027941.3500
20170524,47,108400,108700,108700,108300,616605,6692312.2500
20170524,48,108700,108900,109000,108600,1116300,12149107.7000
20170623,1,119800,119800,120500,119300,1847639,22142603.8300
20170623,2,119700,119400,120000,118900,2130710,25433544.6900
20170623,3,119500,119800,120000,119300,796789,9533392.8400
20170623,4,119800,119900,120000,119500,543784,6514244.4500
20170623,5,119800,119400,119800,119000,1511677,18041211.6700
20170623,6,119300,120000,120000,119200,806925,9639189.9700
20170623,7,120000,120000,120000,119600,347100,4159643.2200
20170623,8,119900,119600,120100,119600,407211,4879793.6700
20170623,9,119700,119600,119900,119500,489489,5858631.5500
20170623,10,119500,119800,119900,119400,425997,5095577.1500
20170623,11,119900,120000,120000,119800,224900,2696884.0000
20170623,12,120000,119700,120200,119700,417000,5000915.0000
20170623,13,119800,119500,119900,119400,429600,5139018.0000
20170623,14,119500,119500,119600,119400,315100,3764515.0000
20170623,15,119500,120000,120000,119500,245300,2939338.0000
20170623,16,119900,119900,120100,119900,357700,4291598.0000
20170623,17,119900,120000,120000,119800,300039,3597040.6100
20170623,18,119900,120200,120300,119900,266600,3204320.0000
20170623,19,120200,120100,120300,120000,186200,2236687.0000
20170623,20,120200,119900,120300,119800,254161,3051907.3900
20170623,21,119900,119600,119900,119500,313300,3749387.0000
20170623,22,119600,119300,119600,119200,767000,9155949.0000
20170623,23,119300,119200,119400,119100,832200,9919102.0000
20170623,24,119300,118600,119300,118600,1722161,20476983.9000
20170623,25,118600,118400,118700,118000,1521000,17984959.0000
20170623,26,118300,118400,118500,118000,656100,7761013.0000
20170623,27,118500,118700,118700,118200,530900,6286472.0000
20170623,28,118600,118500,118700,118200,404300,4787445.0000
20170623,29,118400,118700,118700,118300,292800,3470642.0000
20170623,30,118700,118500,118900,118500,335300,3980409.0000
20170623,31,118500,118600,118800,118500,303200,3597304.0000
20170623,32,118500,118600,118900,118200,739006,8754791.6000
20170623,33,118900,118500,118900,118500,219200,2601001.0000
20170623,34,118600,118100,118600,118100,648894,7679110.9000
20170623,35,118200,118800,118800,118200,355371,4208258.9900
20170623,36,118800,118700,119100,118700,441200,5246528.0000
20170623,37,118700,118700,118800,118600,214700,2548533.0000
20170623,38,118700,118500,118700,118300,234800,2782016.0000
20170623,39,118400,118300,118500,118200,384100,4545375.0000
20170623,40,118200,119100,119400,118200,496600,5902507.0000
20170623,41,119200,119000,119200,119000,198500,2363519.0000
20170623,42,119000,119000,119100,118900,236600,2815105.0000
20170623,43,119100,119000,119200,118800,271900,3237736.0000
20170623,44,119000,119100,119100,118800,449300,5345608.0000
20170623,45,119200,119400,119800,119100,596200,7123416.2300
20170623,46,119500,119500,119600,119400,335000,4003060.2300
20170623,47,119500,119600,119800,119300,623300,7456352.6100
20170623,48,119600,119800,119900,119500,1131262,13542326.7600
20170606,1,118400,118800,119200,118200,1011700,12002206.0000
20170606,2,118800,119500,119800,118700,1157325,13820797.7500
20170606,3,119500,119600,119800,119200,823130,9842036.9500
20170606,4,119600,120500,120600,119500,2328900,27977254.0000
20170606,5,120600,120200,120600,120100,1828400,22014487.0000
20170606,6,120100,120100,120200,119800,856955,10282654.0500
20170606,7,120200,119800,120300,119700,569200,6829996.4000
20170606,8,119800,120500,120700,119700,1521500,18312362.0000
20170606,9,120600,120400,120700,120400,1200700,14476857.0000
20170606,10,120400,120800,120800,120300,833500,10049215.0000
20170606,11,120700,120900,121400,120700,1627500,19704926.0000
20170606,12,120900,120900,121000,120700,477100,5767520.0000
20170606,13,120800,120500,120900,120500,676200,8158465.0000
20170606,14,120500,120500,120700,120400,634200,7641962.0000
20170606,15,120600,120500,120700,120400,404800,4881800.0000
20170606,16,120500,119900,120500,119600,1491200,17899514.0000
20170606,17,119900,119200,119900,119000,1263100,15070497.0000
20170606,18,119200,119100,119500,119000,839700,10011772.9400
20170606,19,119100,118900,119100,118700,851500,10123853.0000
20170606,20,118800,119000,119300,118800,584806,6959967.2800
20170606,21,119000,119200,119500,119000,205000,2444842.0000
20170606,22,119200,119600,119600,119100,343200,4094396.0000
20170606,23,119400,119100,119600,119000,337800,4028081.0000
20170606,24,119100,118900,119300,118900,312800,3722452.0000
20170606,25,119000,119300,119400,118800,303000,3608594.0000
20170606,26,119200,119300,119400,119200,160000,1908266.0000
20170606,27,119300,119600,119700,119200,177900,2124342.0000
20170606,28,119500,119500,119600,119300,187100,2235247.0000
20170606,29,119500,119400,119500,119300,137400,1640446.0000
20170606,30,119300,119400,119400,119300,212100,2531238.0000
20170606,31,119300,119200,119400,119200,176038,2099360.9600
20170606,32,119300,119700,119700,119200,367900,4393313.0000
20170606,33,119800,119600,119800,119500,285000,3411690.0000
20170606,34,119500,119300,119600,119300,229600,2742395.0000
20170606,35,119400,119200,119500,119200,189900,2266037.0000
20170606,36,119300,119200,119400,119200,169900,2026600.0000
20170606,37,119200,119100,119300,119000,372700,4439927.0000
20170606,38,119100,119400,119400,119100,215800,2573825.0000
20170606,39,119300,119400,119400,119200,284800,3399106.0000
20170606,40,119300,119600,119700,119200,320000,3821146.0000
20170606,41,119700,119400,119700,119400,253100,3026806.0000
20170606,42,119400,119300,119400,119100,381600,4550416.0000
20170606,43,119400,119300,119600,119300,296930,3547193.5000
20170606,44,119400,119400,119600,119300,403000,4814722.0000
20170606,45,119400,119600,119600,119200,519500,6202202.0000
20170606,46,119600,119800,119900,119500,777700,9312926.0000
20170606,47,119800,119600,119800,119500,792800,9482846.0000
20170606,48,119600,120100,120300,119300,2572375,30835609.0000
20170607,1,120300,119700,120500,119400,1314000,15786667.0000
20170607,2,119600,120500,120500,119600,669576,8047487.0000
20170607,3,120400,120500,120500,120200,606500,7301678.0000
20170607,4,120400,120400,120600,120300,895700,10786482.0000
20170607,5,120400,119900,120400,119700,894925,10741949.2500
20170607,6,120000,121100,121300,119700,1603275,19337534.0000
20170607,7,121100,120900,121500,120600,1714125,20749337.0000
20170607,8,121000,121400,121600,120800,1397700,16949648.0000
20170607,9,121400,121400,121500,121000,1255800,15234914.0000
20170607,10,121400,122200,123000,121200,3036475,37119673.0500
20170607,11,122300,122000,122300,121800,1411100,17218387.0000
20170607,12,122000,122800,122800,121900,1479505,18114190.0500
20170607,13,122700,122800,123400,122400,2519400,30984136.6000
20170607,14,122600,122200,122900,122200,1194100,14644783.0000
20170607,15,122200,122500,122700,122200,862000,10554539.0000
20170607,16,122300,121900,122500,121800,830500,10138388.0000
20170607,17,121900,121900,122200,121900,631500,7704162.0000
20170607,18,122000,121900,122000,121700,464138,5655253.4600
20170607,19,121900,121800,122000,121600,753100,9169888.2400
20170607,20,121700,121600,121800,121500,434700,5289179.6200
20170607,21,121600,121900,121900,121600,335200,4082221.0000
20170607,22,121800,122200,122200,121800,510500,6228947.0000
20170607,23,122100,122000,122300,121800,433100,5283692.0000
20170607,24,121900,122200,122200,121800,426100,5196503.0000
20170607,25,122200,122600,122600,122100,554600,6790915.0000
20170607,26,122700,122400,122800,122300,664500,8145289.0000
20170607,27,122200,122300,122400,122000,407330,4977188.0000
20170607,28,122200,122100,122300,122000,435970,5323177.4000
20170607,29,122100,122300,122400,122000,391230,4780311.3000
20170607,30,122300,122300,122500,122000,535855,6553601.3500
20170607,31,122000,121900,122300,121900,411600,5022216.0000
20170607,32,121900,122000,122200,121900,697710,8513896.0000
20170607,33,121900,122000,122300,121900,564800,6895592.0000
20170607,34,121900,121800,122000,121700,871900,10621418.0000
20170607,35,121800,121500,121900,121400,939662,11431006.9200
20170607,36,121400,121800,121900,121200,1204688,14626724.2000
20170607,37,121700,121500,121700,121300,626250,7605261.5000
20170607,38,121500,121500,121700,121300,492850,5986915.0000
20170607,39,121600,121300,121700,121300,811950,9860592.5000
20170607,40,121400,121300,121500,121100,1143600,13869542.0000
20170607,41,121300,120800,121300,120600,1938229,23446750.7400
20170607,42,120900,120900,121100,120800,675000,8162143.0000
20170607,43,120900,120700,121000,120700,945000,11414930.0000
20170607,44,120700,120900,121100,120700,605703,7324531.2700
20170607,45,120900,121200,121200,120900,658200,7967792.0000
20170607,46,121200,120900,121200,120700,1214697,14687932.7300
20170607,47,120900,121200,121300,120800,1160228,14045061.4900
20170607,48,121200,121300,121500,121000,1489156,18049988.1600
20170608,1,120400,121000,121000,120200,1961511,23627336.1100
20170608,2,121000,121000,121100,120600,823300,9949729.0000
20170608,3,121100,121200,121400,121000,790800,9588095.9500
20170608,4,121400,121000,121600,121000,930800,11296004.0000
20170608,5,121000,120400,121200,120400,883300,10659021.0000
20170608,6,120500,120600,120900,120400,698800,8428217.0000
20170608,7,120600,120200,120800,120200,1069200,12875912.0000
20170608,8,120200,120700,120700,120100,901300,10842861.0000
20170608,9,120600,120400,120700,120400,490400,5910594.0000
20170608,10,120400,120300,120500,120200,508200,6114551.0000
20170608,11,120200,120500,120500,120200,268100,3226632.0000
20170608,12,120500,120300,120700,120200,580700,6994163.0000
20170608,13,120400,120100,120500,120100,699200,8407500.0000
20170608,14,120200,119900,120200,119900,1145000,13741647.0000
20170608,15,120000,119300,120000,119200,1439200,17197725.0000
20170608,16,119400,119500,119700,119300,737300,8807240.0700
20170608,17,119500,119800,119800,119300,640593,7654146.2100
20170608,18,119700,119900,119900,119600,444907,5327585.9300
20170608,19,119900,119800,119900,119700,365600,4380176.0000
20170608,20,119800,119900,119900,119600,297400,3561933.0000
20170608,21,119900,119900,120000,119800,374693,4492786.2100
20170608,22,119900,119800,120000,119700,295407,3540514.9300
20170608,23,119800,119500,119800,119300,541300,6467410.0000
20170608,24,119400,119600,119600,119200,672452,8023757.3700
20170608,25,119500,119800,120000,119400,276369,3308851.9100
20170608,26,119700,119300,119800,119300,320913,3834568.3200
20170608,27,119400,119300,119400,119000,744500,8874881.9800
20170608,28,119200,119000,119400,118900,794466,9461211.7200
20170608,29,118900,119000,119200,118800,808500,9614027.0000
20170608,30,119000,119000,119200,118800,463910,5519619.8000
20170608,31,119100,119300,119500,118800,501900,5975541.0000
20170608,32,119300,119200,119500,119000,406300,4843638.0000
20170608,33,119100,119100,119200,118900,456600,5434977.0000
20170608,34,119000,119400,119700,119000,462700,5519685.0000
20170608,35,119400,119200,119400,118900,573773,6830876.9700
20170608,36,119200,118900,119200,118800,685500,8153020.2500
20170608,37,118900,119000,119200,118700,932900,11086435.0000
20170608,38,119000,118700,119100,118600,603318,7165533.8200
20170608,39,118700,118500,118800,118400,1060050,12564707.1800
20170608,40,118600,118900,118900,118600,517250,6138255.1000
20170608,41,118800,118800,118900,118600,667300,7925032.0000
20170608,42,118800,119400,119900,118800,1070650,12793090.1600
20170608,43,119500,119400,119500,119200,345660,4125916.6700
20170608,44,119300,119700,119800,119300,652820,7813321.5000
20170608,45,119700,119700,119800,119500,509100,6092760.0000
20170608,46,119600,119800,119900,119600,901040,10789049.7000
20170608,47,119800,119600,119900,119600,724060,8668576.7000
20170608,48,119600,119500,119600,119100,1178390,14061026.3300
20170609,1,119000,119000,119500,118900,785000,9346635.0000
20170609,2,119000,119600,119700,119000,758000,9053793.7000
20170609,3,119600,119500,119600,119200,417900,4990083.0000
20170609,4,119600,120200,120400,119500,1194710,14339051.6000
20170609,5,120200,120600,121000,120100,1601798,19321768.9000
20170609,6,120600,120800,121300,120500,1779600,21517308.0000
20170609,7,120800,120500,121000,120400,883700,10665455.0000
20170609,8,120500,120200,120500,120000,617700,7430286.0000
20170609,9,120200,120200,120500,120000,691510,8311354.1000
20170609,10,120300,120400,120400,120000,442260,5314933.0000
20170609,11,120400,120700,120800,120200,557500,6720843.0000
20170609,12,120600,120400,120700,120100,971700,11712236.0000
20170609,13,120300,119900,120600,119800,770640,9266297.0000
20170609,14,119800,119700,120100,119300,925400,11071286.0000
20170609,15,119600,119700,119900,119500,350800,4196156.5100
20170609,16,119800,119600,119900,119500,407100,4873718.0000
20170609,17,119800,119500,120000,119500,351000,4200762.0000
20170609,18,119500,119600,119600,119400,300300,3588901.0000
20170609,19,119600,119600,119800,119500,234900,2810840.0000
20170609,20,119700,119400,119700,119400,311300,3720608.0000
20170609,21,119400,119200,119500,119000,634300,7563590.0000
20170609,22,119100,119000,119300,118800,720800,8579431.7000
20170609,23,119000,119000,119100,118700,439530,5225642.1000
20170609,24,119000,118600,119100,118500,579900,6883754.1000
20170609,25,118600,118600,118900,118500,219500,2603784.0000
20170609,26,118600,119100,119100,118400,493865,5864706.3700
20170609,27,119100,119200,119600,119100,431400,5150738.8200
20170609,28,119200,119400,119500,119000,335146,3998551.4000
20170609,29,119400,119300,119500,119200,192800,2302101.0000
20170609,30,119300,119400,119400,119000,152200,1814893.0000
20170609,31,119400,119300,119400,119000,209900,2500777.2800
20170609,32,119300,119200,119300,118900,184300,2195317.0000
20170609,33,119100,120300,120300,118800,1092932,13065104.7600
20170609,34,120300,120000,120400,119900,665200,7996087.0000
20170609,35,119900,119700,120200,119600,402500,4827658.0000
20170609,36,119900,119700,120000,119600,304900,3653309.0000
20170609,37,120000,120400,120400,119700,755700,9080307.0000
20170609,38,120300,120400,120700,120200,900200,10845850.0000
20170609,39,120300,120200,120500,120200,546900,6582225.0000
20170609,40,120300,120600,120600,120200,1066500,12849683.0000
20170609,41,120500,120700,120700,120400,784800,9464089.0000
20170609,42,120700,120500,120700,120300,451700,5446525.0000
20170609,43,120500,120400,120500,120200,578800,6968298.0000
20170609,44,120400,120000,120500,119700,604400,7258255.0000
20170609,45,120100,119600,120100,119500,697800,8361605.0000
20170609,46,119700,119700,120000,119400,790900,9463586.0000
20170609,47,119900,119700,119900,119500,792400,9482515.0000
20170609,48,119700,119600,119800,119300,1151900,13765165.0000
20170612,1,118700,118800,118900,118100,1119000,13254562.0000
20170612,2,118800,119200,119300,118700,484528,5766695.2000
20170612,3,119100,118500,119200,118300,864456,10256731.9400
20170612,4,118600,118200,118700,118100,846844,10016913.9800
20170612,5,118300,118800,118800,118100,386296,4573405.8000
20170612,6,118800,118800,118900,118500,353586,4196168.1200
20170612,7,118800,119000,119000,118600,346570,4116887.0400
20170612,8,119000,119000,119100,118800,450000,5354008.3300
20170612,9,118900,118800,119100,118700,250214,2974207.1800
20170612,10,118800,118600,118900,118600,259900,3087111.0000
20170612,11,118600,119000,119200,118400,784584,9310420.5400
20170612,12,119000,119700,119700,118900,968684,11563494.5600
20170612,13,119700,119300,119700,119300,632000,7556027.1600
20170612,14,119400,119000,119400,118800,466086,5547750.5800
20170612,15,119000,119200,119400,118900,280642,3341486.8200
20170612,16,119200,119200,119400,119100,243312,2902493.0600
20170612,17,119300,119000,119300,118900,345716,4116303.7200
20170612,18,118900,119000,119100,118800,323056,3841833.8600
20170612,19,119000,119000,119100,118800,369956,4401096.7000
20170612,20,119000,119000,119300,118900,294632,3507903.0400
20170612,21,119000,118900,119200,118900,266456,3171582.4200
20170612,22,118900,118700,119000,118600,338356,4018292.5600
20170612,23,118800,118700,118900,118600,261767,3108292.2000
20170612,24,118700,118400,118700,118300,636219,7537787.8000
20170612,25,118500,118800,118900,118300,244766,2903914.3000
20170612,26,118900,118800,118900,118600,123655,1469158.0600
20170612,27,118800,118900,118900,118700,200710,2383608.9000
20170612,28,118700,119100,119200,118700,194900,2318544.0000
20170612,29,119100,119100,119300,119000,219000,2609802.0000
20170612,30,119100,119000,119200,118800,298500,3552336.0000
20170612,31,119100,119100,119300,119100,184300,2196202.0000
20170612,32,119100,119300,119400,119000,236056,2813481.0800
20170612,33,119400,119400,119600,119300,403500,4821995.8600
20170612,34,119400,119300,119400,119200,108544,1295018.3600
20170612,35,119300,119100,119400,119000,120400,1435564.0000
20170612,36,119100,119000,119300,119000,229800,2737556.0000
20170612,37,119000,119000,119100,118900,209930,2498151.7000
20170612,38,118900,119000,119100,118300,978170,11607511.1300
20170612,39,119000,119200,119300,118700,399000,4748204.4700
20170612,40,119100,119700,119800,119000,633145,7565937.5200
20170612,41,119700,119600,120000,119600,749114,8975514.5800
20170612,42,119600,119600,119800,119400,306500,3665768.4400
20170612,43,119500,119400,119600,119400,196900,2352002.0000
20170612,44,119400,119300,119500,119200,287900,3436360.4400
20170612,45,119300,118900,119500,118900,403800,4809915.0000
20170612,46,118900,119000,119200,118900,401400,4777964.0000
20170612,47,119000,118900,119000,118600,717276,8523892.1200
20170612,48,118900,118800,119000,118600,800324,9509481.8100
20170613,1,118400,118900,119300,118400,370228,4401822.5200
20170613,2,118900,118800,119000,118700,309497,3678895.3900
20170613,3,118800,118900,119000,118700,277900,3302727.0000
20170613,4,118900,119200,119200,118700,278131,3308047.9000
20170613,5,119100,119500,119600,119100,496700,5930359.0000
20170613,6,119600,119300,119700,119300,487100,5823836.7600
20170613,7,119300,119000,119400,119000,485600,5787830.0000
20170613,8,119000,119300,119300,119000,418634,4988526.8800
20170613,9,119200,119200,119300,118700,397200,4728339.7700
20170613,10,119100,118800,119200,118600,344000,4088110.3800
20170613,11,118900,118800,119000,118700,309600,3681150.0000
20170613,12,118900,118600,119000,118600,329700,3914587.0000
20170613,13,118600,118700,119000,118600,339800,4034814.0000
20170613,14,118800,118800,118900,118700,99700,1184197.0000
20170613,15,118700,118900,119000,118700,172700,2052568.0000
20170613,16,118900,118900,119000,118800,164300,1953895.0000
20170613,17,119000,119100,119100,118900,182500,2172546.0000
20170613,18,119000,119000,119200,118900,128500,1529151.0000
20170613,19,118900,119000,119000,118800,140200,1667194.0000
20170613,20,118900,119100,119200,118900,195230,2323117.7000
20170613,21,119100,119200,119200,119100,133600,1592060.0000
20170613,22,119200,120000,120000,118900,1177589,14088899.2300
20170613,23,120000,120800,121600,120000,3206100,38770793.0000
20170613,24,120700,121000,121300,120600,1469930,17781254.0000
20170613,25,121000,120700,121200,120600,499114,6038368.8400
20170613,26,120700,120600,120800,120400,251330,3030262.2000
20170613,27,120600,120400,120800,120400,430186,5188165.0200
20170613,28,120400,120600,120700,120300,394000,4747609.0000
20170613,29,120500,120700,120700,120400,316900,3820008.0000
20170613,30,120700,120500,120800,120500,556800,6719126.8600
20170613,31,120500,120500,120600,120400,230300,2774188.0000
20170613,32,120500,120400,120500,120300,288300,3470033.0000
20170613,33,120400,120200,120500,120200,187300,2254017.0000
20170613,34,120300,120400,120600,120200,351142,4228346.2600
20170613,35,120500,120500,120600,120400,222400,2679087.0000
20170613,36,120400,120400,120500,120300,304300,3664520.0000
20170613,37,120400,120800,120800,120400,573525,6918664.5000
20170613,38,120700,120800,120900,120600,471100,5690477.0000
20170613,39,120700,120500,120800,120400,309275,3728211.5000
20170613,40,120600,120300,120600,120300,376000,4529152.0000
20170613,41,120400,120300,120500,120300,386300,4649151.0000
20170613,42,120300,120300,120400,120200,253858,3053815.7400
20170613,43,120300,120300,120400,120200,324400,3902391.0000
20170613,44,120300,120300,120400,120100,324900,3905954.0000
20170613,45,120300,119700,120300,119600,712300,8549209.0000
20170613,46,119600,119800,119800,119500,743000,8889599.0000
20170613,47,119800,120000,120100,119600,617084,7389796.4800
20170613,48,120100,120100,120200,120000,881014,10582075.0000
20170614,1,119600,118900,120000,118800,845900,10099657.0000
20170614,2,118900,119400,119600,118700,634200,7546381.0000
20170614,3,119400,119200,119600,119100,469500,5604230.0000
20170614,4,119200,119000,119200,118800,735900,8755455.0000
20170614,5,119100,118600,119200,118600,1067200,12684051.0000
20170614,6,118600,118700,119100,118300,967216,11469924.2800
20170614,7,118700,118700,118900,118400,770000,9135539.0000
20170614,8,118500,118700,118900,118500,576300,6839655.0000
20170614,9,118700,118900,119000,118600,441930,5250506.1000
20170614,10,118800,118300,118800,118100,1308670,15499457.9000
20170614,11,118400,118700,118700,118200,514830,6098218.5000
20170614,12,118600,118700,118800,118600,165600,1965711.0000
20170614,13,118700,118600,118900,118600,148100,1758516.0000
20170614,14,118800,119700,119800,118700,314101,3742783.8700
20170614,15,119700,119500,120200,119100,1016600,12184389.0000
20170614,16,119800,119500,119900,119500,483600,5791746.0000
20170614,17,119600,119500,119700,119400,272442,3256395.4800
20170614,18,119600,119500,119600,119400,176300,2105691.0000
20170614,19,119500,119600,119600,119400,259600,3101303.0000
20170614,20,119500,119500,119600,119400,115500,1379826.0000
20170614,21,119500,119300,119600,119300,93758,1119994.5200
20170614,22,119300,119400,119400,119200,122600,1462463.0000
20170614,23,119400,119200,119400,119200,116000,1383874.0000
20170614,24,119200,118900,119300,118900,288600,3435991.0000
20170614,25,118900,118900,119200,118800,186100,2212301.0000
20170614,26,119000,118900,119000,118800,99900,1187471.0000
20170614,27,118900,118900,119000,118700,192700,2289460.0000
20170614,28,118900,118800,119300,118800,185100,2202212.0000
20170614,29,118800,119100,119100,118700,125000,1486483.0000
20170614,30,119100,119100,119100,118900,126900,1510360.0000
20170614,31,119100,119500,119500,119000,102100,1217772.0000
20170614,32,119500,119200,119500,119200,138500,1653039.0000
20170614,33,119200,119500,119500,119100,134200,1601143.0000
20170614,34,119500,119300,119500,119200,106200,1267550.0000
20170614,35,119300,119300,119400,119200,485000,5785953.0000
20170614,36,119400,119200,119400,119200,146700,1750170.0000
20170614,37,119400,119000,119400,119000,235000,2800500.0000
20170614,38,119100,119100,119200,119000,205700,2449763.0000
20170614,39,119100,119200,119200,119100,129000,1536871.0000
20170614,40,119200,119000,119200,118900,218500,2600649.0000
20170614,41,118900,119200,119200,118800,372330,4431073.3000
20170614,42,119200,119200,119300,119000,223306,2660531.1600
20170614,43,119200,119200,119300,119100,178400,2126406.0000
20170614,44,119200,118700,119200,118600,442364,5259643.2400
20170614,45,118600,118700,118900,118600,380400,4515861.0000
20170614,46,118800,119100,119100,118800,426000,5067235.0000
20170614,47,119100,118700,119100,118700,462800,5503202.0000
20170614,48,118700,118600,118800,118500,1147300,13608345.0000
20170615,1,118600,118900,119100,118600,517700,6155247.0000
20170615,2,118900,119100,119200,118800,490500,5836188.0000
20170615,3,119100,119000,119200,118900,532900,6347354.0000
20170615,4,118900,119000,119100,118900,311300,3703720.0000
20170615,5,118900,119000,119000,118800,328500,3906924.0000
20170615,6,118900,118900,119000,118700,343400,4081748.0000
20170615,7,118900,119500,119500,118800,1264025,15056543.0000
20170615,8,119500,119400,119900,119400,1114450,13340877.0000
20170615,9,119400,119400,119600,119400,478200,5714327.0000
20170615,10,119500,119600,120000,119400,1009200,12083994.1100
20170615,11,119600,120200,120700,119500,1329559,15962022.6400
20170615,12,120200,120200,120300,119900,564000,6774197.0000
20170615,13,120100,119900,120200,119900,197700,2373196.0000
20170615,14,120000,120600,120700,119900,1196700,14402053.0000
20170615,15,120600,120300,120800,120300,988100,11916583.0000
20170615,16,120400,120400,120500,120300,366900,4417655.0000
20170615,17,120400,120600,120700,120300,632600,7622963.0000
20170615,18,120700,120900,121300,120600,1911000,23125606.0000
20170615,19,120900,120700,121000,120600,491900,5940849.0000
20170615,20,120700,120600,120700,120500,330000,3980271.0000
20170615,21,120500,120700,120900,120500,285039,3439190.3400
20170615,22,120700,120500,120900,120500,257561,3110584.6600
20170615,23,120500,120400,120600,120200,296728,3572215.8400
20170615,24,120300,120200,120500,120100,351115,4223001.5900
20170615,25,120100,120200,120300,120000,256300,3079751.5700
20170615,26,120200,120200,120200,120000,263400,3164077.0000
20170615,27,120200,120200,120300,120200,235800,2834930.0000
20170615,28,120300,120100,120300,120100,124600,1497590.0000
20170615,29,120200,120200,120300,120100,95300,1145356.0000
20170615,30,120300,120400,120400,120200,276828,3330003.8400
20170615,31,120400,120500,120600,120300,406900,4901180.0000
20170615,32,120600,120700,120700,120400,442170,5329739.9500
20170615,33,120700,120600,120800,120500,761700,9192146.0000
20170615,34,120600,121200,121200,120600,1175183,14210579.7700
20170615,35,121200,121800,121900,120600,3312100,40164980.2800
20170615,36,121800,121000,121800,120900,1558400,18928375.0000
20170615,37,121100,120900,121300,120800,738112,8931788.0800
20170615,38,121000,121000,121000,120900,428700,5185610.0000
20170615,39,121000,121100,121300,120900,411540,4984234.0000
20170615,40,121100,120900,121100,120800,361660,4373048.0000
20170615,41,120900,120600,120900,120600,437800,5284991.0000
20170615,42,120700,120400,120700,120300,766400,9230928.0000
20170615,43,120500,120300,120500,120000,669772,8053829.1600
20170615,44,120200,120100,120300,119800,855657,10269145.0000
20170615,45,120200,119900,120200,119800,427300,5127439.0000
20170615,46,119800,120000,120000,119800,458400,5496588.0000
20170615,47,120000,120000,120100,119900,634700,7617291.0000
20170615,48,120100,120100,120200,119900,1067286,12807927.0000
20170616,1,120000,120200,120300,119700,728400,8738808.3200
20170616,2,120200,120000,120300,119800,434000,5207348.0000
20170616,3,120000,119900,120100,119700,618700,7416372.0000
20170616,4,119800,120100,120100,119700,533084,6388741.2400
20170616,5,120000,119700,120100,119600,379300,4544993.0000
20170616,6,119700,119200,119800,119100,1025100,12235838.6800
20170616,7,119300,119300,119400,119100,533690,6364249.6000
20170616,8,119300,119000,119300,118800,1144790,13622848.2000
20170616,9,119000,119000,119200,118900,923750,10995644.8000
20170616,10,119000,119200,119300,119000,368438,4389178.1800
20170616,11,119300,119100,119300,119100,416072,4957966.0400
20170616,12,119100,119100,119100,118900,438740,5221558.2000
20170616,13,119100,119200,119300,119000,302440,3602324.8200
20170616,14,119200,119500,119600,119200,259098,3094131.8400
20170616,15,119500,119600,119800,119500,275460,3295565.4000
20170616,16,119600,119700,119700,119500,232520,2780401.9000
20170616,17,119700,120100,120100,119600,294120,3524285.4000
20170616,18,120000,120500,120500,120000,738697,8880030.0100
20170616,19,120500,120200,120500,120100,408633,4916789.9900
20170616,20,120200,120100,120300,120000,391000,4700617.7000
20170616,21,120100,120100,120300,120000,177100,2127728.0000
20170616,22,120100,119900,120200,119800,210000,2520805.7000
20170616,23,119900,119700,120000,119700,135870,1628316.3000
20170616,24,119700,119400,119900,119300,302800,3620998.0000
20170616,25,119400,119500,119800,119300,85128,1016754.3200
20170616,26,119500,119500,119600,119200,98761,1178745.8400
20170616,27,119600,119300,119700,119300,153300,1833028.0000
20170616,28,119300,119100,119600,118900,573500,6830439.5700
20170616,29,119200,119200,119300,119100,178300,2124660.0000
20170616,30,119300,119200,119300,119100,272800,3251756.0000
20170616,31,119200,119700,119700,119200,194700,2324991.0000
20170616,32,119500,119500,119700,119400,136100,1627262.0000
20170616,33,119600,119500,119700,119500,153800,1839115.0000
20170616,34,119500,119400,119500,119200,143700,1715029.0000
20170616,35,119500,119200,119500,119100,196400,2341741.0000
20170616,36,119100,119100,119200,118900,497643,5923360.7000
20170616,37,119200,119500,119500,119100,169747,2024118.7100
20170616,38,119500,119400,119600,119200,193900,2315699.5300
20170616,39,119500,119500,119900,119500,248400,2974350.0000
20170616,40,119500,119700,119800,119500,145600,1741966.0000
20170616,41,119800,119600,119900,119600,170600,2043541.0000
20170616,42,119700,119700,119900,119600,362200,4337877.0000
20170616,43,119700,119600,119900,119500,246200,2948608.0000
20170616,44,119600,119300,119600,119200,423900,5064195.0000
20170616,45,119300,119300,119400,119200,335030,3996154.6000
20170616,46,119300,119300,119400,119100,597600,7126101.1200
20170616,47,119200,119100,119400,119100,649241,7738989.0600
20170616,48,119100,119200,119400,119100,601300,7170726.5400
20170619,1,119200,119500,119600,118900,553800,6607945.0000
20170619,2,119600,120100,120300,119400,651300,7804617.0000
20170619,3,120100,120700,120700,120000,1337100,16096458.0000
20170619,4,120700,121700,121800,120600,3076600,37286311.0000
20170619,5,121800,121900,122100,121400,3248291,39558902.1500
20170619,6,121900,121500,122100,121300,1385709,16850843.6200
20170619,7,121400,121800,121900,121400,1388700,16901954.0000
20170619,8,121800,121400,121900,121300,975300,11860560.5100
20170619,9,121400,122500,122700,121300,2261101,27610964.7900
20170619,10,122600,122800,123200,122300,4233071,52000706.8600
20170619,11,122800,122800,123000,122600,1633400,20060588.4000
20170619,12,122800,122600,122900,122500,1152530,14141703.8000
20170619,13,122600,122500,122900,122500,1245900,15287968.7000
20170619,14,122500,122000,122800,122000,1013770,12416719.5000
20170619,15,122000,122200,122300,121800,727600,8883477.0000
20170619,16,122200,122500,122700,122100,623800,7639627.4900
20170619,17,122500,122500,122700,122300,537781,6586751.0400
20170619,18,122700,122500,122800,122500,449800,5517768.7900
20170619,19,122500,122500,122700,122500,392900,4815202.0000
20170619,20,122500,122400,122600,122200,220419,2696707.7500
20170619,21,122300,122400,122500,122300,237400,2907425.0000
20170619,22,122500,122600,122600,122500,222081,2721236.2500
20170619,23,122500,122900,122900,122500,710321,8719267.8800
20170619,24,122900,123000,123000,122800,1032200,12691645.0000
20170619,25,123000,122800,123100,122800,852400,10484607.8700
20170619,26,122800,122800,122900,122700,431900,5303043.0000
20170619,27,122800,122900,123100,122700,747913,9194239.5100
20170619,28,122900,122500,123000,122400,505987,6207935.4900
20170619,29,122400,122500,122600,122300,388961,4763280.8600
20170619,30,122500,122500,122700,122400,447578,5485905.5000
20170619,31,122400,122300,122500,122300,265328,3246457.4400
20170619,32,122300,122300,122400,122300,189372,2316358.2800
20170619,33,122400,122400,122400,122100,413300,5053369.0000
20170619,34,122400,121800,122400,121700,1099900,13423781.0000
20170619,35,121800,121800,121900,121700,502320,6118180.6000
20170619,36,121800,121800,121900,121700,285200,3474592.0000
20170619,37,121800,121800,121900,121800,313400,3818852.0000
20170619,38,121800,121800,121900,121700,375500,4572088.0000
20170619,39,121800,122100,122300,121800,346800,4230533.0000
20170619,40,122200,121800,122200,121800,378000,4614024.0000
20170619,41,121900,121600,121900,121400,842028,10236557.2000
20170619,42,121600,121900,121900,121500,350000,4256964.0000
20170619,43,121900,122000,122000,121700,280900,3421669.0000
20170619,44,121900,121900,122000,121800,414200,5050643.0000
20170619,45,121900,121800,121900,121700,381300,4645473.0000
20170619,46,121800,122000,122000,121700,716600,8731556.0000
20170619,47,121900,122000,122100,121800,974600,11887828.0000
20170619,48,122200,122400,122500,122000,1594000,19495216.5400
20170620,1,122200,122000,122800,121900,1504700,18410569.0000
20170620,2,122100,121500,122100,121500,1429400,17400332.4300
20170620,3,121500,121600,121700,121200,927777,11269136.9600
20170620,4,121600,121700,121900,121500,677200,8243463.0000
20170620,5,121700,121800,122200,121700,514800,6276009.0000
20170620,6,121700,121600,121900,121400,714452,8687657.2800
20170620,7,121600,121500,121700,121400,904500,10993388.0000
20170620,8,121700,121400,121700,121300,725881,8814665.9600
20170620,9,121500,121700,121700,121400,467800,5684024.0000
20170620,10,121700,121700,121700,121500,426400,5186310.0000
20170620,11,121700,121500,121900,121500,389100,4733480.0000
20170620,12,121500,121600,121700,121400,646900,7862572.0000
20170620,13,121500,121600,121800,121500,335400,4079835.0000
20170620,14,121600,121500,121600,121500,268500,3262861.0000
20170620,15,121600,121600,121700,121500,190800,2319523.0000
20170620,16,121700,121700,121700,121500,235300,2860512.0000
20170620,17,121600,121700,121700,121600,200800,2442629.0000
20170620,18,121600,121700,121800,121600,326800,3976274.0000
20170620,19,121800,121500,121800,121500,570600,6943639.0000
20170620,20,121600,121700,121700,121500,730141,8874771.8600
20170620,21,121700,121900,122000,121600,319200,3888034.0000
20170620,22,121900,122000,122100,121800,265298,3235057.6200
20170620,23,122000,122000,122000,121900,207556,2531581.6400
20170620,24,122000,121900,122000,121800,177342,2161754.0200
20170620,25,121900,122100,122200,121800,298570,3644097.0000
20170620,26,122100,122000,122100,122000,220500,2691093.0000
20170620,27,122100,121900,122100,121900,189630,2313801.0000
20170620,28,122000,121900,122000,121800,291227,3549963.7200
20170620,29,122000,122000,122100,121900,282180,3441560.2000
20170620,30,122000,122000,122000,121800,447571,5455633.1200
20170620,31,122000,122500,122500,122000,480026,5867143.9000
20170620,32,122400,122200,122500,122100,386486,4727083.2100
20170620,33,122200,122000,122200,122000,214541,2619212.4900
20170620,34,122000,121800,122100,121600,625104,7613780.2900
20170620,35,121700,122000,122100,121700,265285,3233603.6100
20170620,36,122000,121900,122000,121800,213886,2607790.4800
20170620,37,121900,121700,122000,121600,563655,6860939.2200
20170620,38,121700,121800,121900,121600,238613,2904343.5000
20170620,39,121800,121700,121900,121600,320615,3902364.1300
20170620,40,121800,121700,121800,121600,300486,3656773.6200
20170620,41,121800,121500,121900,121500,397410,4835771.7400
20170620,42,121600,121500,121600,121300,840742,10207012.1700
20170620,43,121500,121500,121600,121300,617886,7503568.4700
20170620,44,121400,121800,121900,121400,456457,5553126.9900
20170620,45,121800,121500,121800,121500,479213,5826171.9400
20170620,46,121500,121500,121600,121200,1181930,14344041.0500
20170620,47,121600,121700,121800,121500,685400,8340827.0000
20170620,48,121700,122000,122100,121600,1236915,15066917.0000
20170621,1,123000,122700,123500,122100,4771539,58710471.5100
20170621,2,122800,122100,122900,121900,1468415,17951647.8500
20170621,3,122100,121900,122100,121600,1097000,13371697.7000
20170621,4,122000,121500,122100,121500,931885,11350286.3000
20170621,5,121500,121600,121700,121000,1362621,16528306.1000
20170621,6,121600,121700,121800,121500,528276,6428063.7700
20170621,7,121700,121800,121800,121500,537139,6534225.4500
20170621,8,121700,122200,122200,121600,354448,4320259.7400
20170621,9,122200,122500,122700,122100,1206400,14776355.0000
20170621,10,122600,122100,122600,121900,417000,5091863.0000
20170621,11,122100,121900,122100,121800,510800,6227004.0000
20170621,12,121900,122000,122000,121700,413600,5037641.0000
20170621,13,121900,121600,122100,121600,351500,4284314.0000
20170621,14,121700,121700,121900,121600,237500,2890867.0000
20170621,15,121800,121600,121800,121600,237100,2884057.0000
20170621,16,121600,121600,121800,121500,237300,2885629.5500
20170621,17,121600,121300,121700,121200,614155,7451072.2500
20170621,18,121300,121400,121400,121200,166400,2019087.0000
20170621,19,121300,121400,121500,121300,180100,2186758.0000
20170621,20,121400,121500,121600,121400,106845,1297788.3000
20170621,21,121500,121400,121700,121400,177300,2155152.0000
20170621,22,121400,121500,121500,121300,133455,1620053.2500
20170621,23,121500,121400,121500,121300,154900,1880642.0000
20170621,24,121500,121400,121500,121400,89300,1084452.0000
20170621,25,121400,121400,121500,121300,136982,1663155.6600
20170621,26,121400,121200,121400,121200,282218,3423125.3400
20170621,27,121200,121300,121300,121100,492700,5971392.0000
20170621,28,121200,120800,121300,120700,1050800,12707231.0000
20170621,29,120800,120900,121200,120800,244000,2951176.0000
20170621,30,120900,120400,121000,120200,977300,11777565.0000
20170621,31,120500,120800,120900,120400,318700,3844024.0000
20170621,32,120800,120800,120900,120700,209000,2524405.0000
20170621,33,120700,120500,120900,120300,389400,4693117.0000
20170621,34,120500,120500,120600,120400,215670,2599079.8000
20170621,35,120500,120400,120700,120400,364330,4389430.2000
20170621,36,120400,120400,120500,120000,1611241,19369295.3000
20170621,37,120500,120500,120600,120400,221700,2671961.0000
20170621,38,120500,120500,120600,120400,228600,2754606.0000
20170621,39,120500,120500,120500,120300,237300,2857070.0000
20170621,40,120400,120800,120800,120400,190571,2297603.5500
20170621,41,120800,120600,120900,120500,278929,3368159.7400
20170621,42,120500,120500,120600,120300,443100,5337188.0000
20170621,43,120400,120500,120700,120400,451071,5435877.8400
20170621,44,120400,119900,120500,119900,1253229,15054710.1600
20170621,45,119900,119900,120000,119700,1178172,14124892.5600
20170621,46,119900,120100,120500,119800,783300,9404810.0000
20170621,47,120100,120400,120500,120100,663582,7981533.4600
20170621,48,120500,120900,121000,120200,1405390,16955539.3800
20170622,1,120300,119900,120700,119800,720600,8663225.0000
20170622,2,119900,119800,120100,119500,1072200,12842060.0000
20170622,3,119700,119800,120200,119600,797400,9559525.0000
20170622,4,119800,119900,119900,119700,453239,5428207.2200
20170622,5,120000,120300,120600,119900,538300,6476793.4400
20170622,6,120400,120100,120400,120000,318716,3830552.1600
20170622,7,120100,120900,121000,120100,791047,9543780.7200
20170622,8,120900,121000,121100,120700,1002500,12123552.0000
20170622,9,121000,120400,121000,120400,543800,6569701.0000
20170622,10,120500,120500,120700,120300,247100,2978378.0000
20170622,11,120500,120800,120800,120500,256800,3099089.0000
20170622,12,120700,120700,120800,120500,203200,2450891.0000
20170622,13,120700,120500,120800,120500,196000,2365442.0000
20170622,14,120500,120400,120600,120400,223800,2696408.0000
20170622,15,120400,120200,120400,120100,254900,3065356.0000
20170622,16,120200,120300,120400,120100,195800,2352895.0000
20170622,17,120200,120500,120500,120200,191300,2301789.0000
20170622,18,120600,120800,120900,120500,286300,3457257.0000
20170622,19,120800,120900,120900,120600,424100,5122418.0000
20170622,20,120900,122600,122700,120800,5229555,63809112.9600
20170622,21,122500,124800,126300,122400,9389146,116839875.7600
20170622,22,124800,124200,124800,124000,2837400,35287433.0000
20170622,23,124300,124000,124300,123300,1848400,22894949.2900
20170622,24,124000,124200,124200,123600,1064471,13191699.1100
20170622,25,124200,123700,124400,123700,1232729,15306864.8900
20170622,26,123700,124000,124100,123600,636300,7884249.0000
20170622,27,123900,123600,124000,123500,731300,9048490.0000
20170622,28,123600,124100,124200,123500,768099,9517077.0300
20170622,29,124200,124000,124400,123800,888300,11026729.8700
20170622,30,124100,124100,124600,124000,1394000,17331152.0000
20170622,31,124100,124000,124200,123800,657000,8149834.0000
20170622,32,124000,123700,124200,123600,779800,9659895.9700
20170622,33,123700,123900,123900,123600,578100,7153420.0000
20170622,34,123800,123800,123900,123700,413115,5115689.7000
20170622,35,123800,123800,124000,123700,671785,8320844.1500
20170622,36,123700,124000,124000,123600,918700,11373948.7800
20170622,37,124000,123900,124200,123800,500300,6205995.7800
20170622,38,123800,123700,124000,123600,474800,5877372.0000
20170622,39,123600,123000,123700,123000,1494814,18432151.9900
20170622,40,123000,123100,123300,123000,442429,5448649.9900
20170622,41,123100,122800,123200,122700,855395,10509598.6100
20170622,42,122900,122600,123000,122500,777088,9538769.4000
20170622,43,122500,122700,122900,122500,714241,8762604.1300
20170622,44,122600,121800,122700,121300,1431900,17454716.2900
20170622,45,121800,122000,122300,121800,647500,7906028.0000
20170622,46,122100,121300,122100,121100,1232206,14967369.1700
20170622,47,121300,121400,121600,121200,1255774,15243779.9200
20170622,48,121300,120700,121500,120700,2041126,24728787.4300
20170626,1,119600,120200,120200,119400,445627,5334284.6500
20170626,2,120200,120700,121000,119900,888800,10710147.0000
20170626,3,120700,120600,121500,120200,1164500,14082281.9700
20170626,4,120600,120800,121000,120300,670303,8090392.8500
20170626,5,120900,120900,121000,120600,507400,6131260.0000
20170626,6,121000,121200,121600,120900,1610612,19530529.0800
20170626,7,121200,120800,121400,120800,911500,11043338.0000
20170626,8,120800,120700,121000,120700,444300,5368826.0000
20170626,9,120800,120700,120900,120500,414700,5003067.0000
20170626,10,120800,120900,120900,120600,395300,4772222.0000
20170626,11,120800,121100,121100,120800,602500,7289718.0000
20170626,12,121100,120800,121200,120800,401100,4853448.0000
20170626,13,120800,120700,121000,120600,324400,3919793.0000
20170626,14,120700,120700,120900,120600,266323,3214356.6100
20170626,15,120700,120400,120800,120400,366077,4412510.3900
20170626,16,120400,120400,120500,120300,363900,4380313.0000
20170626,17,120400,120300,120400,120200,583300,7015756.9700
20170626,18,120300,120000,120300,120000,715230,8587058.9400
20170626,19,120100,120500,120700,119900,675200,8117468.0000
20170626,20,120500,120100,120500,120000,278800,3352749.0000
20170626,21,120100,120100,120200,119900,382800,4594133.0000
20170626,22,120100,120000,120100,119900,337600,4052128.0000
20170626,23,120000,120000,120100,119900,174400,2092566.0000
20170626,24,120100,120200,120300,120000,132300,1589035.0000
20170626,25,120200,120500,120700,120200,263600,3176060.0000
20170626,26,120400,120400,120600,120400,273300,3293998.0000
20170626,27,120400,120500,120600,120400,173400,2089189.0000
20170626,28,120500,120500,120700,120500,208500,2514006.0000
20170626,29,120500,120200,120500,120200,220800,2657129.0000
20170626,30,120200,120100,120400,120100,244300,2936563.0000
20170626,31,120100,120100,120200,119900,381600,4580156.0000
20170626,32,120100,120100,120200,119800,485300,5823690.0000
20170626,33,120200,120200,120300,119900,555000,6662356.0000
20170626,34,120200,120500,120500,120000,429100,5157205.0000
20170626,35,120600,121100,121300,120500,1352200,16367200.0000
20170626,36,121100,120900,121100,120900,618600,7485157.0000
20170626,37,120800,120500,120900,120400,472600,5702943.0000
20170626,38,120500,120600,120600,120300,294800,3549865.0000
20170626,39,120500,120500,120700,120500,204000,2459609.0000
20170626,40,120600,120700,120800,120500,282400,3407165.0000
20170626,41,120700,120700,120800,120600,175400,2117186.0000
20170626,42,120700,120600,120700,120600,148600,1792417.0000
20170626,43,120600,120800,120900,120600,367300,4436821.0000
20170626,44,120800,120800,120900,120700,234800,2836285.0000
20170626,45,120700,120700,120800,120600,513200,6195616.0000
20170626,46,120700,120900,121000,120600,615830,7440396.4000
20170626,47,121000,120700,121000,120700,677170,8179894.6000
20170626,48,120700,120900,121000,120600,1186777,14334187.8600
20170627,1,121400,121400,121500,121200,1004300,12192359.0000
20170627,2,121400,120700,121400,120700,726000,8789087.0000
20170627,3,120800,120800,120900,120600,507400,6126410.0000
20170627,4,120800,121100,121100,120600,510712,6169797.0800
20170627,5,121000,120800,121100,120700,339088,4099467.8000
20170627,6,120900,120600,120900,120600,447500,5400792.0000
20170627,7,120600,120500,120700,120500,266100,3208747.0000
20170627,8,120700,120700,120700,120500,328700,3963127.0000
20170627,9,120700,120700,120900,120600,251000,3030370.0000
20170627,10,120700,120700,120800,120500,342200,4127710.0000
20170627,11,120600,120900,120900,120500,880499,10623247.0000
20170627,12,121000,121100,121300,120800,1226800,14856282.0000
20170627,13,121200,121100,121200,120800,456700,5525429.0000
20170627,14,121100,120800,121200,120600,443100,5355014.0000
20170627,15,120800,121100,121200,120700,246200,2978412.0000
20170627,16,121100,121300,121300,121000,403000,4884851.0000
20170627,17,121200,121000,121400,121000,296900,3600257.0000
20170627,18,121100,121100,121200,121000,117200,1418704.0000
20170627,19,121100,121200,121300,121000,337800,4094203.0000
20170627,20,121100,120900,121200,120900,196200,2374920.0000
20170627,21,120900,120900,121000,120800,127400,1540001.0000
20170627,22,120900,121200,121200,120900,93536,1132479.9600
20170627,23,121100,121000,121200,120900,127864,1547489.0400
20170627,24,121000,121000,121100,120900,195200,2362559.0000
20170627,25,121000,120800,121100,120800,237900,2875497.0000
20170627,26,120800,120700,120900,120700,167400,2022050.0000
20170627,27,120700,120600,120700,120500,422687,5097846.3500
20170627,28,120600,120700,120700,120500,339612,4093617.6000
20170627,29,120700,120700,120800,120600,129700,1564993.0000
20170627,30,120600,120600,120700,120500,219100,2641427.0000
20170627,31,120600,120800,120800,120500,170000,2051791.0000
20170627,32,120600,120800,120800,120600,87900,1060843.0000
20170627,33,120700,120900,120900,120700,118800,1434760.0000
20170627,34,120800,120800,120900,120700,144700,1748142.0000
20170627,35,120800,120800,120900,120800,134200,1621788.0000
20170627,36,120800,121100,121100,120800,232300,2809201.0000
20170627,37,121100,121100,121200,121000,329600,3991763.0000
20170627,38,121100,121100,121200,121000,349418,4232147.8700
20170627,39,121000,120800,121100,120800,357982,4329642.2000
20170627,40,120800,121100,121100,120800,191851,2320822.5900
20170627,41,121000,121000,121100,120900,93400,1130073.0000
20170627,42,121000,121100,121100,120900,214800,2599726.0000
20170627,43,121100,121100,121300,121100,336900,4081908.0000
20170627,44,121200,121000,121200,120900,432700,5237739.0000
20170627,45,121000,121000,121100,120800,537232,6498502.0500
20170627,46,120900,120700,121000,120700,397000,4796219.1700
20170627,47,120800,120700,120800,120700,371100,4481212.0000
20170627,48,120700,120800,120900,120700,755300,9123022.0000
20170628,1,120600,120500,120800,120400,315900,3810296.0000
20170628,2,120600,120500,120700,120200,536389,6457812.7800
20170628,3,120500,120200,120500,120200,337100,4056220.0000
20170628,4,120200,120000,120300,119800,761311,9138611.2200
20170628,5,120000,120200,120300,119900,453489,5446619.8900
20170628,6,120200,120300,120300,120000,642711,7719176.4400
20170628,7,120300,120400,120600,120200,342400,4122339.3300
20170628,8,120400,119900,120500,119900,463100,5563252.0000
20170628,9,120000,120000,120000,119800,399700,4791419.0000
20170628,10,120000,119900,120100,119900,307900,3694625.0000
20170628,11,119900,119600,119900,119600,511900,6128711.0000
20170628,12,119700,119800,119900,119600,576113,6896218.4800
20170628,13,119800,119900,120200,119700,435900,5226036.0000
20170628,14,119900,120200,120400,119900,402900,4839897.0000
20170628,15,120200,120000,120300,119900,306400,3680067.0000
20170628,16,120000,119900,120500,119900,322200,3870752.0000
20170628,17,119900,119800,119900,119700,215400,2580418.0000
20170628,18,119700,119800,119900,119700,276000,3305497.0000
20170628,19,119800,119800,120000,119700,177900,2131130.0000
20170628,20,119800,119800,119900,119700,138400,1657671.0000
20170628,21,119900,120000,120300,119900,168500,2022973.0000
20170628,22,120000,120000,120100,119900,180500,2165512.0000
20170628,23,120000,120100,120300,119900,254500,3057212.0000
20170628,24,120200,120200,120400,120100,442500,5322827.0000
20170628,25,120200,120200,120400,119900,235900,2833129.0000
20170628,26,120000,120000,120200,120000,157000,1885033.0000
20170628,27,120200,119800,120300,119700,456000,5468082.0000
20170628,28,119900,119800,119900,119500,778500,9316084.7400
20170628,29,119800,119700,119800,119500,394600,4718550.8700
20170628,30,119800,119600,119800,119500,263087,3146357.3900
20170628,31,119600,119200,119600,119000,1269500,15131128.0000
20170628,32,119200,119200,119400,119100,355000,4234165.0000
20170628,33,119200,119100,119300,119000,655400,7804451.0000
20170628,34,119100,119100,119300,119000,336300,4005715.0000
20170628,35,119200,119400,119400,119100,364904,4351236.6400
20170628,36,119400,119300,119400,119200,199900,2384841.0000
20170628,37,119400,119200,119400,119100,369800,4406406.0000
20170628,38,119300,119300,119500,119200,333000,3974430.0000
20170628,39,119300,119200,119500,119200,295200,3520541.0000
20170628,40,119200,119200,119200,119100,225300,2684283.0000
20170628,41,119200,118500,119200,118500,1245400,14802269.0000
20170628,42,118600,118700,118900,118500,556200,6601191.0000
20170628,43,118800,118900,118900,118600,378000,4486468.0000
20170628,44,118800,118800,119000,118800,187700,2232067.0000
20170628,45,118900,118500,118900,118500,896600,10634276.0000
20170628,46,118400,118400,118500,118300,1132000,13399616.0000
20170628,47,118400,118400,118600,118300,789000,9342224.4100
20170628,48,118400,118400,118500,118200,1264790,14969591.6000
20170629,1,118300,118600,118900,118200,460000,5457399.0000
20170629,2,118600,118400,118700,118400,556600,6596832.0000
20170629,3,118500,118300,118500,118200,565900,6692773.0000
20170629,4,118400,118700,118700,118300,321500,3809212.0000
20170629,5,118700,118900,118900,118700,563400,6694706.0000
20170629,6,118900,118700,118900,118600,286400,3400699.0000
20170629,7,118700,118200,118700,118200,583400,6909122.0000
20170629,8,118300,118200,118400,118200,399300,4722469.0000
20170629,9,118300,118400,118400,118300,234400,2773890.0000
20170629,10,118300,118200,118400,118200,403162,4768256.8400
20170629,11,118200,118000,118300,118000,546738,6457673.1600
20170629,12,118000,118100,118200,118000,444899,5251869.2000
20170629,13,118100,118300,118300,118000,355600,4200482.0000
20170629,14,118300,118100,118400,118100,163200,1929596.0000
20170629,15,118100,118200,118300,118100,115000,1359520.0000
20170629,16,118200,118200,118300,118200,100000,1182111.0000
20170629,17,118200,118200,118200,118000,339800,4013615.0000
20170629,18,118300,118200,118300,118100,187200,2213119.0000
20170629,19,118200,118300,118300,118100,137600,1627120.0000
20170629,20,118300,118300,118400,118300,99800,1180873.0000
20170629,21,118400,118400,118400,118200,104700,1238780.0000
20170629,22,118300,118400,118400,118200,108400,1282477.0000
20170629,23,118400,118500,118800,118400,429300,5088573.0000
20170629,24,118600,118800,118900,118500,472800,5615129.6700
20170629,25,118800,118900,118900,118700,211900,2517411.6700
20170629,26,118800,118800,118800,118600,152900,1815593.0000
20170629,27,118800,118600,118800,118600,114900,1363379.0000
20170629,28,118600,118900,119000,118500,334000,3968480.0000
20170629,29,119000,118700,119000,118700,84800,1007701.0000
20170629,30,118700,118700,118800,118500,146700,1740119.0000
20170629,31,118700,118500,118700,118500,163000,1932102.0000
20170629,32,118500,118400,118500,118400,143200,1695735.0000
20170629,33,118400,118400,118500,118300,95900,1135582.0000
20170629,34,118400,118200,118500,118000,866600,10241579.0000
20170629,35,118200,118200,118300,118100,229300,2710035.0000
20170629,36,118200,118200,118400,118000,516700,6107072.0000
20170629,37,118100,118200,118400,118000,216400,2558106.0000
20170629,38,118200,118300,118400,118100,185890,2198341.9000
20170629,39,118300,118200,118400,118200,161600,1911423.0000
20170629,40,118300,118200,118300,118200,108300,1280489.0000
20170629,41,118300,118200,118300,118100,167621,1981016.2200
20170629,42,118200,118300,118400,118200,222800,2635451.0000
20170629,43,118400,118500,118600,118300,306600,3633261.0000
20170629,44,118500,118300,118600,118200,336400,3983046.0000
20170629,45,118400,118400,118500,118200,344300,4074953.0000
20170629,46,118400,118400,118500,118300,524500,6210226.0000
20170629,47,118500,118300,118500,118300,295000,3491475.0000
20170629,48,118400,118300,118500,118200,972400,11507782.0000
20170630,1,118100,118100,118400,117900,480500,5673966.0000
20170630,2,118200,118100,118300,118000,325200,3841712.0000
20170630,3,118100,118200,118300,118000,386800,4570690.0000
20170630,4,118200,118100,118300,118100,394700,4665124.0000
20170630,5,118100,118300,118300,117900,878600,10372719.0000
20170630,6,118100,118700,119000,118000,616600,7310518.0000
20170630,7,118600,118600,118800,118600,222550,2641076.0000
20170630,8,118700,118800,118900,118500,776100,9215112.5000
20170630,9,118700,118800,119000,118700,745300,8857952.0000
20170630,10,118800,118700,118900,118600,292800,3477627.0000
20170630,11,118700,118500,118800,118500,144000,1708630.0000
20170630,12,118600,118500,118700,118500,279500,3313656.0000
20170630,13,118600,118400,118600,118400,337000,3993509.0000
20170630,14,118400,118600,118700,118400,234200,2777290.0000
20170630,15,118600,118700,118700,118500,119800,1421443.0000
20170630,16,118700,118600,118800,118600,166000,1971002.0000
20170630,17,118600,118500,118700,118500,156700,1857866.0000
20170630,18,118500,118400,118600,118400,155100,1837294.0000
20170630,19,118500,118500,118600,118400,104200,1235275.0000
20170630,20,118600,118400,118600,118400,83600,990356.0000
20170630,21,118500,118700,118700,118400,128200,1520862.0000
20170630,22,118600,118700,118800,118600,90200,1070609.0000
20170630,23,118600,118700,118700,118500,105600,1252911.0000
20170630,24,118700,118800,118900,118600,323300,3841746.0000
20170630,25,118800,118700,118900,118700,118600,1409335.0000
20170630,26,118800,118600,118800,118600,62700,744404.0000
20170630,27,118600,118800,118800,118600,128850,1529516.0000
20170630,28,118800,118700,119000,118700,244200,2902428.0000
20170630,29,118700,118700,118900,118700,101100,1200942.0000
20170630,30,118700,118600,118800,118600,94400,1119942.0000
20170630,31,118600,118300,118700,118300,314150,3721658.0000
20170630,32,118400,118600,118700,118300,189050,2239413.5000
20170630,33,118600,118300,118600,118200,296650,3511975.5000
20170630,34,118300,118400,118500,118200,437500,5173423.0000
20170630,35,118400,118700,118700,118300,180300,2137655.0000
20170630,36,118700,118700,118800,118600,129900,1541675.0000
20170630,37,118700,118400,118800,118400,176000,2087079.0000
20170630,38,118400,118300,118500,118300,229700,2719878.0000
20170630,39,118500,118600,118600,118400,228900,2712410.0000
20170630,40,118500,118500,118600,118300,628300,7441793.0000
20170630,41,118500,118500,118700,118500,106500,1263246.0000
20170630,42,118600,118500,118700,118500,159900,1896112.0000
20170630,43,118600,118500,118700,118500,160400,1902190.0000
20170630,44,118600,118600,118700,118500,350300,4155376.0000
20170630,45,118600,118700,118700,118500,234400,2780169.0000
20170630,46,118600,118600,118700,118500,261300,3098560.0000
20170630,47,118600,118600,118700,118500,360400,4274018.0000
20170630,48,118600,118600,118700,118500,689000,8171534.6700
